playerId,goalieFullName,gamesStarted,goalsAgainst,goalsAgainstAverage,shutouts,wins,qualityStart,qualityStartsPct,gamesRelievedWins,Vezina Trophies,Stanley Cups,Conn Smythe Trophies,William M. Jennings Trophies,All Stars
8455710,Martin Brodeur,1251,2781,2.24158,125,691,741,0.592326,4,4,3,0,5,9
8466141,Roberto Luongo,1014,2515,2.52008,77,489,653,0.643984,0,0,0,0,1,5
8451033,Patrick Roy,1003,2546,2.53692,66,551,593,0.591226,2,3,4,3,5,11
8470594,Marc-Andre Fleury,995,2565,2.5962,75,561,583,0.585929,5,1,3,0,1,4
8445386,Ed Belfour,937,2317,2.49605,76,484,524,0.559231,6,2,1,0,4,5
8448382,Curtis Joseph,916,2516,2.79276,51,454,495,0.540393,1,0,0,0,0,2
8449988,Glenn Hall,891,2211,2.50457,83,401,584,0.655443,1,3,2,1,0,13
8446720,Tony Esposito,874,2563,2.93048,76,423,496,0.567505,1,3,1,0,0,6
8468685,Henrik Lundqvist,871,2101,2.43279,64,459,560,0.642939,3,1,0,0,0,5
8452157,John Vanbiesbrouck,841,2502,2.97534,40,374,417,0.495838,2,1,0,0,0,3
8446991,Grant Fuhr,829,2756,3.37968,25,403,351,0.423401,7,1,5,0,1,6
8459140,Nikolai Khabibulin,777,2071,2.7246,46,333,433,0.557271,3,0,1,0,0,4
8445769,Sean Burke,776,2290,2.95864,38,324,404,0.520618,1,0,0,0,0,3
8452122,Rogie Vachon,773,2310,2.99955,51,353,382,0.494178,3,1,3,0,0,3
8468011,Ryan Miller,772,2029,2.63817,44,391,475,0.615284,5,1,0,0,0,1
8471734,Jonathan Quick,766,1869,2.47357,60,393,442,0.577023,3,0,3,1,2,2
8450066,Jacques Plante,760,1823,2.41808,72,395,503,0.661842,2,7,6,0,0,8
8449550,Gilles Meloche,757,2755,3.64721,20,270,312,0.412153,3,0,0,0,0,2
8445275,Tom Barrasso,755,2385,3.24227,38,369,348,0.460927,5,1,2,0,1,1
8452217,Mike Vernon,742,2210,2.97964,27,385,322,0.433962,9,0,2,1,1,5
8450152,Gump Worsley,733,2052,2.84621,37,305,471,0.642564,1,2,4,0,0,4
8447687,Dominik Hasek,714,1572,2.20186,81,389,469,0.656862,4,6,2,0,3,6
8458568,Chris Osgood,713,1768,2.49235,50,401,395,0.553997,7,0,3,0,2,2
8471679,Carey Price,700,1755,2.50681,49,361,449,0.641428,1,1,0,0,1,6
8448535,Olie Kolzig,692,1885,2.7142,35,303,378,0.546242,0,1,0,0,0,0
8475683,Sergei Bobrovsky,686,1738,2.58597,44,396,426,0.620991,2,2,1,0,0,2
8470320,Cam Ward,683,1843,2.74264,27,334,389,0.569546,4,0,1,1,0,1
8460705,Evgeni Nabokov,683,1630,2.43577,59,353,402,0.588579,2,0,0,0,0,2
8460712,Tomas Vokoun,669,1688,2.55153,51,300,414,0.618834,5,0,0,0,0,2
8467950,Craig Anderson,669,1916,2.85774,43,319,401,0.599402,4,0,0,0,0,0
8471469,Pekka Rinne,667,1598,2.43267,60,369,418,0.626686,3,1,0,0,0,3
8449681,Andy Moog,664,2097,3.13525,28,372,315,0.474397,11,0,3,0,1,4
8450833,Mike Richter,648,1840,2.89119,24,301,351,0.541666,1,0,1,0,0,3
8469608,Mike Smith,645,1720,2.69734,44,299,379,0.587596,5,0,0,0,0,2
8448865,Mike Liut,644,2218,3.49313,25,293,264,0.409937,1,0,0,0,0,1
8451525,Billy Smith,642,2031,3.17603,22,305,303,0.471962,6,1,4,1,1,1
8445609,Dan Bouchard,638,2063,3.26512,27,286,286,0.448275,2,0,0,0,0,0
8448020,Kelly Hrudey,625,2174,3.42733,17,271,281,0.4496,5,0,0,0,0,0
8457714,Felix Potvin,620,1694,2.76447,32,266,338,0.545161,0,0,0,0,0,2
8445381,Don Beaupre,620,2151,3.45589,17,268,249,0.401612,6,0,0,0,0,2
8470140,Kari Lehtonen,619,1662,2.70698,38,310,370,0.597738,3,0,0,0,0,0
8450651,Bill Ranford,613,2042,3.41009,15,240,281,0.458401,3,0,2,1,0,1
8460535,Jose Theodore,612,1635,2.67988,33,286,369,0.602941,4,1,0,0,0,0
8450111,Terry Sawchuk,610,1718,2.82318,46,246,351,0.575409,1,4,4,0,0,11
8462147,Miikka Kiprusoff,606,1500,2.4883,44,319,370,0.610561,2,1,0,0,1,1
8449979,Ed Giacomin,599,1672,2.81949,54,290,324,0.540901,0,1,0,0,0,6
8450178,Bernie Parent,590,1493,2.55468,54,271,374,0.633898,2,2,2,2,0,5
8447775,Ron Hextall,588,1723,2.97593,23,296,275,0.467687,1,1,0,1,0,1
8473575,Semyon Varlamov,583,1543,2.64309,41,286,372,0.638078,3,0,0,0,0,0
8449627,Greg Millen,582,2281,3.87713,17,215,199,0.341924,2,0,0,0,0,0
8449474,Kirk McLean,578,1904,3.2599,22,245,255,0.441176,6,0,0,0,0,2
8450005,Eddie Johnston,569,1852,3.25146,32,236,282,0.495606,2,0,2,0,0,0
8462044,Jean-Sebastien Giguere,557,1423,2.53213,38,262,340,0.610412,2,0,1,1,0,1
8460806,Dwayne Roloson,556,1552,2.71517,29,227,319,0.573741,2,0,0,0,0,1
8470860,Jaroslav Halak,555,1390,2.5043,53,295,335,0.603603,2,0,0,0,2,1
8459432,Jocelyn Thibault,551,1508,2.75072,39,238,294,0.533575,3,0,0,0,0,1
8450020,Cesare Maniago,545,1773,3.26898,30,190,279,0.511926,3,0,0,0,0,0
8471695,Tuukka Rask,544,1230,2.27743,52,308,359,0.659926,1,1,1,0,1,1
8456692,Arturs Irbe,537,1513,2.83115,33,218,268,0.499068,4,0,0,0,0,2
8452535,Ken Wregget,524,1916,3.63287,9,225,226,0.431297,9,0,1,0,0,0
8450802,Glenn Resch,524,1761,3.27988,26,231,247,0.471374,5,0,1,0,0,3
8470657,Jimmy Howard,523,1343,2.62007,24,246,315,0.602294,2,0,0,0,0,0
8460612,Marty Turco,516,1216,2.35693,41,275,298,0.577519,3,0,0,0,0,3
8471227,Devan Dubnyk,514,1338,2.60711,33,253,304,0.591439,4,0,0,0,0,3
8451528,Gary Smith,510,1675,3.39781,26,173,245,0.480392,2,1,0,0,0,1
8459541,Tommy Salo,507,1296,2.55491,37,210,272,0.536489,3,0,0,0,0,2
8474651,Braden Holtby,501,1271,2.59322,35,299,313,0.62475,4,1,1,0,1,5
8470880,Brian Elliott,496,1290,2.56798,45,279,289,0.582661,11,0,0,0,1,2
8476945,Connor Hellebuyck,496,1281,2.62704,37,275,304,0.612903,1,2,0,0,1,4
8449859,Roger Crozier,496,1446,3.03987,29,206,271,0.54637,2,0,0,1,0,0
8451837,Ron Tugnutt,489,1497,3.04659,26,186,232,0.474437,7,0,0,0,0,1
8475883,Frederik Andersen,481,1218,2.55827,27,295,295,0.613305,4,0,0,0,2,2
8470645,Corey Crawford,474,1146,2.44528,26,260,316,0.666666,2,0,2,0,2,2
8462047,Martin Biron,473,1247,2.61495,28,230,283,0.598308,3,0,0,0,0,0
8474593,Jacob Markstrom,468,1265,2.72682,20,215,266,0.568376,1,0,0,0,0,0
8447715,Guy Hebert,467,1307,2.81194,28,191,251,0.537473,2,0,0,0,0,1
8450343,Pete Peeters,467,1427,3.09045,21,246,193,0.413276,0,1,0,0,0,4
8476883,Andrei Vasilevskiy,467,1199,2.56484,34,293,285,0.610278,1,1,2,1,0,0
8476434,John Gibson,466,1315,2.89633,24,193,272,0.58369,3,0,0,0,1,3
8475660,Cam Talbot,465,1220,2.63485,31,245,287,0.617204,1,0,0,0,0,0
8447449,Jeff Hackett,465,1361,2.90355,26,166,258,0.554838,0,0,0,0,0,0
8449835,Johnny Bower,462,1145,2.49924,32,219,320,0.69264,1,2,4,0,0,4
8448759,Rejean Lemelin,461,1609,3.45865,12,236,200,0.433839,5,0,0,0,1,0
8473461,Steve Mason,458,1211,2.6964,34,205,262,0.572052,5,0,0,0,0,0
8473503,James Reimer,458,1319,2.88085,30,215,268,0.585152,6,0,0,0,0,0
8474889,Martin Jones,449,1199,2.71575,30,236,242,0.538975,2,0,1,0,0,1
8468524,Ilya Bryzgalov,445,1141,2.57846,34,221,273,0.613483,2,0,1,0,0,0
8474550,Antti Niemi,443,1123,2.56532,36,242,256,0.577878,4,0,1,0,0,0
8451076,Jim Rutherford,442,1575,3.65562,14,151,163,0.368778,2,0,0,0,0,0
8446597,Don Edwards,439,1448,3.32339,16,208,183,0.416856,4,1,0,0,0,2
8447755,Denis Herron,428,1578,3.70546,10,146,199,0.464953,3,1,0,0,1,0
8447505,Glen Hanlon,423,1561,3.60557,13,167,175,0.413711,3,0,0,0,0,0
8449784,Phil Myre,418,1481,3.52859,14,149,167,0.399521,1,0,0,0,0,0
8459579,Patrick Lalime,412,1085,2.57911,35,200,227,0.55097,7,0,0,0,0,1
8460703,Tim Thomas,408,1027,2.52064,31,214,274,0.671568,4,2,1,1,1,4
8449853,Gerry Cheevers,407,1174,2.88989,26,227,207,0.508599,0,0,2,0,0,1
8474596,Jake Allen,407,1114,2.76265,24,195,237,0.582309,2,0,1,0,0,0
8450627,Daren Puppa,407,1204,3.03343,19,179,201,0.493857,2,0,0,0,0,1
8455994,Byron Dafoe,399,1051,2.68584,26,171,225,0.563909,0,0,0,0,0,0
8471750,Ben Bishop,397,903,2.32366,33,222,260,0.654911,4,0,0,0,0,1
8447170,Gilles Gilbert,397,1290,3.27368,18,192,159,0.400503,2,0,0,0,0,1
8447709,Glenn Healy,396,1361,3.36697,13,166,170,0.429292,3,0,1,0,0,0
8473404,Niklas Backstrom,394,975,2.49149,28,196,236,0.598984,5,0,0,0,1,0
8446719,Bob Essensa,391,1270,3.1467,18,173,180,0.460358,3,0,0,0,0,0
8452287,Rick Wamsley,391,1287,3.34336,12,204,151,0.386189,4,0,1,0,1,0
8471239,Cory Schneider,389,945,2.43301,26,171,244,0.627249,2,0,0,0,1,1
8446490,Ken Dryden,389,870,2.23756,46,258,256,0.658097,2,5,6,1,0,5
8451143,Bob Sauve,386,1377,3.49163,8,182,138,0.357512,6,1,0,0,1,0
8446011,Jon Casey,384,1246,3.21593,16,170,173,0.45052,5,0,0,0,0,1
8473972,Jonas Hiller,375,960,2.54865,23,197,223,0.594666,4,0,0,0,0,1
8471715,Ondrej Pavelec,374,1069,2.87588,18,156,196,0.524064,0,0,0,0,0,0
8445694,Richard Brodeur,373,1410,3.86276,6,131,135,0.36193,1,0,0,0,0,0
8475311,Darcy Kuemper,368,955,2.61049,31,178,223,0.605978,2,0,1,0,0,0
8456137,Mike Dunham,367,989,2.74044,19,141,207,0.564032,3,0,0,0,1,0
8446831,Stephane Fiset,365,1114,3.0682,16,164,186,0.509589,2,0,1,0,0,0
8473541,Jonathan Bernier,363,1022,2.77408,18,165,221,0.608815,2,0,1,0,0,0
8451860,Chris Terreri,360,1143,3.06594,9,151,173,0.480555,1,0,2,0,0,0
8475852,Petr Mrazek,359,1018,2.80101,25,168,199,0.554317,4,0,0,0,0,0
8456830,Trevor Kidd,356,1014,2.83941,19,140,187,0.52528,2,0,0,0,0,0
8446794,Doug Favell,349,1096,3.17254,18,124,201,0.575931,1,0,0,0,0,0
8448891,Ron Low,345,1463,4.28928,4,102,110,0.31884,2,0,0,0,0,0
8450132,Mike Palmateer,345,1183,3.53395,17,149,155,0.449275,1,0,0,0,0,0
8475215,Robin Lehner,345,929,2.70801,17,152,220,0.637681,2,0,0,0,2,0
8459308,Manny Legace,337,809,2.41015,24,187,198,0.587537,3,0,1,0,0,1
8477424,Juuse Saros,333,878,2.62798,23,182,210,0.63063,1,0,0,0,0,2
8450835,Pat Riggin,330,1135,3.43458,11,153,119,0.360606,2,0,0,0,1,0
8449995,Charlie Hodge,329,894,2.72555,23,147,191,0.580547,2,2,6,0,0,3
8460704,Johan Hedberg,329,977,2.82394,22,161,172,0.522796,8,0,0,0,0,0
8447701,Brian Hayward,329,1241,3.7246,8,143,107,0.325227,2,0,0,0,3,0
8469514,Peter Budaj,329,909,2.69791,18,158,170,0.516717,2,0,0,0,0,0
8449868,Gerry Desjardins,324,1041,3.29037,12,123,146,0.450617,0,0,0,0,0,1
8471306,Thomas Greiss,323,903,2.76874,16,162,192,0.594427,5,0,0,0,1,0
8460516,Dan Cloutier,321,874,2.7704,15,139,164,0.510903,1,0,0,0,0,0
8446082,Tim Cheveldae,321,1116,3.49272,10,149,124,0.386292,0,0,0,0,0,1
8458075,Garth Snow,321,925,2.79767,16,135,164,0.510903,5,0,0,0,0,0
8462055,Marc Denis,320,982,3.01749,16,112,162,0.50625,0,0,0,0,0,0
8458266,Roman Turek,318,734,2.30643,27,159,183,0.575471,3,0,1,0,2,1
8459463,Kevin Weekes,317,903,2.87629,19,105,173,0.545741,0,0,0,0,0,0
8449096,Clint Malarchuk,314,1100,3.47148,12,141,134,0.426751,5,0,0,0,0,0
8475831,Philipp Grubauer,311,814,2.58534,22,158,178,0.572347,5,0,1,0,0,0
8468481,Rick DiPietro,309,871,2.87172,16,130,160,0.517799,1,0,0,0,0,1
8458988,Manny Fernandez,308,775,2.50264,15,143,189,0.613636,2,0,0,0,2,0
8451695,Wayne Stephenson,304,937,3.07077,14,146,145,0.476973,0,0,1,0,0,2
8449959,Bruce Gamble,304,993,3.22578,22,111,170,0.55921,0,0,0,0,0,1
8464999,Mathieu Garon,302,865,2.82969,20,144,161,0.533112,4,0,1,0,0,0
8449866,Denis DeJordy,299,929,3.13561,15,120,163,0.54515,0,1,1,0,0,0
8446829,Mark Fitzpatrick,295,953,3.11981,8,113,143,0.484745,4,0,0,0,0,0
8448700,Michel Larocque,293,978,3.33559,17,160,128,0.43686,4,4,4,0,0,0
8446323,John Davidson,289,1004,3.52703,7,123,131,0.453287,1,0,0,0,0,0
8457791,Damian Rhodes,289,820,2.8375,12,99,149,0.51557,0,0,0,0,0,0
8462052,Brian Boucher,288,822,2.70708,17,120,150,0.520833,4,0,0,0,0,0
8450468,Michel Plasse,283,1058,3.79197,2,92,114,0.402826,2,0,1,0,0,0
8445470,Craig Billington,283,1034,3.63006,9,110,117,0.413427,4,0,0,0,0,1
8445249,Murray Bannerman,282,1051,3.8388,8,116,115,0.407801,1,0,0,0,0,2
8451701,Greg Stefan,282,1068,3.93283,5,115,95,0.336879,0,0,0,0,0,0
8462161,Brent Johnson,279,744,2.62922,14,140,156,0.559139,6,0,0,0,0,0
8462152,Chris Mason,274,754,2.66084,23,137,158,0.576642,5,0,0,0,0,0
8476412,Jordan Binnington,273,756,2.79361,15,145,157,0.575091,0,0,1,0,0,1
8449547,Roland Melanson,271,995,3.63542,6,129,108,0.398523,4,0,3,0,1,0
8450148,Dunc Wilson,267,988,3.7494,8,80,106,0.397003,0,0,0,0,0,0
8446602,Gary Edwards,266,973,3.65331,10,88,98,0.368421,0,0,0,0,0,0
8476899,Matt Murray,264,718,2.79305,15,146,157,0.594696,2,0,2,0,0,0
8452355,Steve Weeks,260,990,3.72953,5,112,89,0.342307,3,0,0,0,0,0
8451595,Doug Soetaert,258,1029,3.96972,6,110,83,0.321705,3,0,1,0,0,0
8469548,Ray Emery,252,697,2.70021,16,145,146,0.579365,6,0,1,0,1,0
8451834,Rick Tabaracci,252,760,2.98907,15,93,118,0.468253,0,0,0,0,0,0
8477293,Antti Raanta,251,623,2.47754,20,139,151,0.601593,5,0,0,0,1,0
8469658,Cristobal Huet,250,625,2.45718,24,129,150,0.6,3,0,1,0,0,1
8476914,Joonas Korpisalo,250,779,3.06347,4,115,134,0.536,4,0,0,0,0,0
8467453,Andrew Raycroft,250,732,2.89108,9,113,128,0.512,3,0,0,0,0,0
8477465,Tristan Jarry,246,650,2.69702,19,136,157,0.638211,4,0,0,0,0,2
8462117,Vesa Toskala,242,679,2.75884,13,129,127,0.524793,2,0,0,0,0,0
8480382,Alexandar Georgiev,241,682,2.85371,15,136,131,0.543568,0,0,0,0,0,1
8450113,Don Simmons,240,701,2.89251,20,100,123,0.5125,1,0,3,0,0,1
8471418,Anton Khudobin,238,603,2.51919,11,114,148,0.621848,5,0,0,0,0,0
8476999,Linus Ullmark,238,598,2.51114,8,138,162,0.680672,0,1,0,0,1,1
8451369,Peter Sidorkiewicz,228,832,3.59577,8,79,78,0.342105,2,0,0,0,0,1
8473607,Michal Neuvirth,228,626,2.71151,11,105,132,0.578947,6,0,0,0,0,0
8451891,Wayne Thomas,227,766,3.34453,10,103,102,0.449339,1,0,0,0,0,1
8446982,Bob Froese,223,694,3.0997,13,128,103,0.461883,3,0,0,0,1,1
8448805,Mario Lessard,222,844,3.75299,9,92,74,0.333333,5,0,0,0,0,1
8458562,Jamie McLennan,220,617,2.67587,13,80,109,0.495454,2,0,0,0,0,0
8449915,Roy Edwards,219,637,2.9203,12,96,132,0.602739,4,0,1,0,0,0
8458615,Steve Shields,218,606,2.66733,10,80,119,0.545871,2,0,0,0,0,0
8479394,Carter Hart,218,625,2.94092,6,96,115,0.527522,0,0,0,0,0,0
8446429,Michel Dion,216,898,4.25615,2,60,67,0.310185,0,0,0,0,0,1
8459252,Fred Brathwaite,215,629,2.72679,15,81,109,0.506976,1,0,0,0,0,0
8469675,Martin Gerber,214,566,2.62847,10,113,124,0.579439,1,0,1,0,0,0
8477967,Thatcher Demko,213,596,2.79235,8,116,125,0.586854,0,0,0,0,0,2
8467511,Antero Niittymaki,211,645,2.95118,5,95,109,0.516587,3,0,0,0,0,0
8451474,Al Smith,209,734,3.46064,10,73,72,0.344497,2,0,0,0,0,1
8446052,Alain Chevrier,209,845,4.15904,2,91,57,0.272727,4,0,0,0,0,0
8478048,Igor Shesterkin,208,503,2.42858,15,135,136,0.653846,2,1,0,0,0,2
8447303,Mario Gosselin,207,800,3.73993,6,91,71,0.342995,1,0,0,0,0,1
8475622,Carter Hutton,207,580,2.76034,13,94,117,0.565217,2,0,0,0,0,0
8467913,Alex Auld,207,606,2.80006,6,91,116,0.560386,2,0,0,0,0,0
8468651,Roman Cechmanek,205,419,2.08004,25,110,134,0.653658,1,0,0,0,1,0
8460715,John Grahame,202,574,2.78577,12,97,104,0.514851,3,0,1,0,0,0
8466290,David Aebischer,198,513,2.51686,13,106,114,0.575757,0,0,1,0,0,0
8470147,Curtis McElhinney,198,615,2.83444,12,94,109,0.550505,5,0,2,0,0,0
8445458,Allan Bester,197,785,4.00836,7,73,76,0.385786,2,0,0,0,0,0
8446089,Jacques Cloutier,197,776,3.63642,3,82,66,0.335025,8,0,0,0,0,0
8445462,Daniel Berthiaume,195,714,3.67607,5,81,72,0.36923,1,0,0,0,0,0
8447066,John Garrett,193,837,4.27855,1,68,62,0.321243,2,0,0,0,0,1
8451655,Ed Staniowski,193,818,4.07312,2,67,70,0.362694,1,0,0,0,0,0
8450138,Gilles Villemure,190,542,2.81278,13,100,107,0.563157,0,1,0,0,0,3
8478009,Ilya Sorokin,188,476,2.53706,18,95,128,0.680851,0,0,0,0,0,1
8448410,Doug Keans,187,666,3.51342,4,96,66,0.352941,4,0,0,0,0,0
8460497,Jamie Storr,186,488,2.54352,16,85,106,0.569892,4,0,0,0,0,0
8449825,Les Binkley,185,574,3.12336,11,58,98,0.529729,2,0,0,0,0,0
8449851,Ed Chadwick,184,541,2.94226,14,57,95,0.516304,0,0,0,0,0,0
8478406,Mackenzie Blackwood,184,564,3.07629,10,75,100,0.543478,0,0,0,0,0,0
8479979,Jake Oettinger,184,461,2.50516,10,113,111,0.60326,1,0,0,0,0,1
8462102,Jean-Sebastien Aubin,182,547,2.93082,7,80,100,0.54945,6,0,0,0,0,0
8469152,Ty Conklin,182,516,2.68586,17,96,95,0.521978,2,0,0,0,0,0
8468540,Dan Ellis,181,526,2.79152,15,87,96,0.530386,3,0,0,0,0,0
8478007,Elvis Merzlikins,177,558,3.20354,10,68,91,0.514124,1,0,0,0,0,0
8449618,Eddie Mio,174,705,4.06516,4,64,57,0.327586,0,0,0,0,0,0
8479496,David Rittich,173,491,2.77965,7,92,98,0.566473,1,0,0,0,0,1
8465093,Robert Esche,170,464,2.74561,10,78,92,0.541176,1,0,0,0,1,0
8457866,Dominic Roussel,169,555,3.12201,7,77,78,0.461538,5,0,0,0,0,0
8446488,Dave Dryden,169,554,3.19625,9,69,75,0.443786,1,0,0,0,0,1
8448886,Pete Lopresti,165,668,4.07163,5,43,53,0.321212,0,0,0,0,0,0
8469461,Pascal Leclaire,164,453,2.88963,10,61,86,0.52439,0,0,0,0,0,0
8473434,Chad Johnson,164,468,2.7264,8,80,97,0.591463,0,0,0,0,0,0
8475789,Jack Campbell,164,455,2.76334,10,93,89,0.542682,0,0,0,0,0,1
8450834,Vincent Riendeau,164,573,3.29826,5,85,68,0.414634,0,0,0,0,0,0
8458968,Jim Carey,164,416,2.58172,16,79,81,0.493902,1,1,0,0,0,0
8448275,Al Jensen,163,557,3.35888,8,95,62,0.380368,3,0,0,0,1,0
8459365,Mikhail Shtalenkov,160,480,2.89003,8,62,74,0.4625,0,0,0,0,0,0
8478492,Ilya Samsonov,159,444,2.76299,13,102,87,0.547169,3,0,0,0,0,0
8452248,Darcy Wakaluk,158,524,3.22271,9,67,69,0.436708,4,0,0,0,0,0
8475361,Jonas Gustavsson,157,466,2.87625,7,72,79,0.503184,2,0,0,0,0,0
8475156,Mikko Koskinen,157,470,3.00559,6,85,85,0.541401,1,0,0,0,0,0
8466339,Scott Clemmensen,154,468,2.79129,7,73,82,0.532467,3,0,0,0,0,0
8448853,Pelle Lindbergh,152,503,3.30735,7,87,61,0.401315,1,1,0,0,0,2
8477970,Vitek Vanecek,152,412,2.70452,9,91,82,0.539473,1,0,0,0,0,0
8451308,Richard Sevigny,151,507,3.21475,5,80,73,0.483443,2,1,1,0,0,0
8471774,Alex Stalock,148,432,2.69661,11,70,86,0.581081,5,0,0,0,0,0
8467391,Jason LaBarbera,148,457,2.85184,6,62,83,0.56081,2,0,0,0,0,0
8476341,Anton Forsberg,147,435,3.10276,5,63,85,0.578231,1,0,0,0,0,0
8476234,Keith Kinkaid,146,448,2.90879,8,70,75,0.513698,3,0,0,0,0,0
8471403,Karri Ramo,146,414,2.84852,5,60,83,0.568493,1,0,0,0,0,0
8475195,Anders Nilsson,144,454,3.06048,6,59,76,0.527777,1,0,0,0,0,0
8479193,Casey DeSmith,142,420,2.82397,10,70,82,0.577464,1,0,0,0,0,0
8452576,Wendell Young,141,618,3.94347,2,59,49,0.347517,5,0,2,0,0,0
8448175,Gary Inness,140,494,3.4112,2,58,67,0.478571,1,0,0,0,0,0
8452440,Kay Whitmore,140,508,3.5455,4,60,56,0.4,0,0,0,0,0,0
8450108,Al Rollins,138,426,3.08826,6,36,81,0.586956,0,1,1,0,0,1
8449286,Bob Mason,137,500,3.76183,1,55,61,0.445255,1,0,0,0,0,0
8450019,Harry Lumley,136,400,2.94696,9,56,75,0.55147,0,1,1,0,0,3
8450743,Jeff Reese,136,529,3.66209,5,53,56,0.411764,3,0,0,0,0,0
8471219,Al Montoya,136,405,2.64995,7,67,82,0.602941,3,0,0,0,0,0
8458080,Tommy Soderstrom,135,496,3.63429,10,45,53,0.392592,2,0,0,0,0,0
8473523,Jhonas Enroth,132,397,2.83944,7,50,74,0.560606,3,0,0,0,0,0
8478039,Kaapo Kahkonen,131,427,3.33329,4,49,72,0.549618,2,0,0,0,0,0
8452205,Mike Veisor,131,531,4.09466,5,41,54,0.412213,1,0,0,0,0,0
8478872,Karel Vejmelka,131,452,3.49745,5,44,62,0.473282,1,0,0,0,0,0
8475681,Ben Scrivens,130,387,2.9185,7,47,69,0.530769,0,0,0,0,0,0
8478470,Sam Montembeault,128,451,3.38352,1,49,71,0.554687,2,0,0,0,0,0
8475839,Louis Domingue,127,392,3.02094,2,60,72,0.566929,0,0,0,0,0,0
8474636,Michael Hutchinson,127,395,2.93627,6,57,61,0.480314,3,0,0,0,0,0
8478024,Ville Husso,127,376,3.01133,7,69,62,0.488188,1,0,0,0,0,0
8475663,Eddie Lack,126,349,2.61867,9,56,68,0.539682,2,0,0,0,0,0
8480280,Jeremy Swayman,125,295,2.33793,12,79,79,0.632,1,0,0,0,1,1
8477968,Alex Nedeljkovic,125,386,2.9608,8,60,66,0.528,0,0,0,0,0,0
8470216,Josh Harding,124,327,2.45434,10,60,78,0.629032,3,0,0,0,0,0
8478499,Adin Hill,123,332,2.68484,7,64,70,0.569105,2,0,1,0,0,0
8445695,Gary Bromley,122,425,3.4366,7,54,52,0.426229,2,0,0,0,0,0
8449804,Hank Bassen,121,372,2.97267,5,43,60,0.495867,0,0,0,0,0,0
8468166,Curtis Sanford,120,333,2.71698,6,47,65,0.541666,1,0,0,0,0,0
8451626,Rick St. Croix,119,453,3.73513,2,49,42,0.352941,1,0,0,0,0,0
8476316,Laurent Brossoit,118,334,2.63768,6,64,69,0.584745,2,0,1,0,0,0
8479973,Stuart Skinner,118,317,2.69471,4,72,69,0.584745,0,0,0,0,0,1
8457969,Corey Schwab,118,360,2.8898,6,42,58,0.491525,3,0,1,0,0,0
8477237,Mike Condon,117,333,2.79486,6,45,64,0.547008,2,0,0,0,0,0
8469636,Pasi Nurminen,116,338,2.87271,5,48,61,0.525862,0,0,0,0,0,0
8450390,Frank Pietrangelo,116,490,4.11904,1,46,41,0.353448,1,0,1,0,0,0
8450727,Eldon Reddick,116,443,3.71198,0,46,39,0.336206,2,0,1,0,0,0
8450993,Roberto Romano,114,471,3.98765,4,46,38,0.333333,4,0,0,0,0,0
8475809,Scott Wedgewood,114,360,2.98164,6,48,58,0.508771,2,0,0,0,0,0
8475717,Calvin Pickard,113,362,2.93491,5,47,60,0.530973,3,0,0,0,0,0
8474152,Scott Darling,112,319,2.71805,4,54,62,0.553571,0,0,1,0,0,0
8469732,Joey MacDonald,112,367,3.0035,2,44,58,0.517857,1,0,0,0,0,0
8451845,Kari Takko,112,475,3.90155,1,37,43,0.383928,4,0,0,0,0,0
8458584,Milan Hnilicka,107,359,3.30928,5,29,52,0.485981,1,0,0,0,0,0
8477180,Aaron Dell,106,335,2.92406,5,50,59,0.556603,2,0,0,0,0,0
8448219,Bob Janecyk,106,435,4.15232,2,44,28,0.26415,0,0,0,0,0,0
8450058,Marcel Paille,105,362,3.42561,2,32,53,0.504761,0,0,0,0,0,0
8464715,Peter Skudra,105,326,2.73097,6,51,60,0.571428,7,0,0,0,0,0
8448207,Pat Jablonski,104,413,3.73558,1,28,35,0.336538,2,0,0,0,0,0
8447344,Ron Grahame,104,409,3.79503,5,50,27,0.259615,3,0,0,0,0,0
8452519,Bernie Wolfe,104,424,4.17663,1,20,36,0.346153,1,0,0,0,0,0
8479406,Filip Gustavsson,103,289,2.72787,6,52,59,0.572815,1,0,0,0,0,0
8450114,Gary Simmons,102,366,3.57197,5,30,42,0.411764,0,0,0,0,0,0
8474765,Anders Lindback,102,327,2.86671,3,45,55,0.539215,4,0,0,0,0,0
8479292,Charlie Lindgren,102,290,2.79231,8,53,61,0.598039,2,0,0,0,0,0
8462255,Jussi Markkanen,102,297,2.69582,7,43,53,0.519607,3,0,0,0,0,0
8480947,Kevin Lankinen,101,320,3.07151,3,45,54,0.534653,0,0,0,0,0,0
8452247,Ernie Wakely,98,289,2.7819,8,41,53,0.540816,1,0,2,0,0,1
8449582,Corrado Micalef,98,409,4.2522,2,26,24,0.244897,0,0,0,0,0,0
8477361,Cal Petersen,98,302,2.96475,4,46,54,0.55102,0,0,0,0,0,0
8468038,Michael Leighton,96,298,2.97815,4,37,53,0.552083,1,0,0,0,0,0
8480045,Ukko-Pekka Luukkonen,96,284,2.9836,5,47,56,0.583333,0,0,0,0,0,0
8480313,Logan Thompson,95,264,2.6744,4,56,56,0.589473,2,0,1,0,0,1
8450830,Curt Ridley,94,355,3.88268,1,27,35,0.37234,0,0,0,0,0,0
8468550,Mikael Tellqvist,93,303,3.01315,6,45,47,0.505376,1,0,0,0,0,0
8446290,Joe Daley,93,326,3.35776,3,34,45,0.48387,2,0,0,0,0,0
8447663,Paul Harrison,92,408,4.22885,2,28,25,0.271739,0,0,0,0,0,0
8458680,Corey Hirsch,92,301,3.12747,4,34,47,0.510869,1,0,0,0,0,0
8466303,Johan Holmqvist,92,262,2.98646,3,48,44,0.47826,1,0,0,0,0,0
8445919,Frank Caprice,89,390,4.20392,1,31,27,0.30337,0,0,0,0,0,0
8456264,Wade Flaherty,89,348,3.51429,5,27,37,0.41573,3,0,0,0,0,0
8467959,Sebastien Caron,86,296,3.44463,4,26,36,0.418604,1,0,0,0,0,0
8450311,Steve Penney,85,313,3.6252,1,35,18,0.211764,1,0,0,0,0,0
8470090,Fredrik Norrena,85,243,2.78518,5,35,45,0.529411,2,0,0,0,0,0
8449291,Markus Mattsson,84,343,4.12594,6,21,27,0.321428,0,0,0,0,0,0
8476932,Anthony Stolarz,83,251,2.689,8,43,51,0.614457,0,0,1,0,0,0
8459306,Robbie Tallas,80,246,2.91201,3,28,36,0.45,1,0,0,0,0,0
8445272,Marco Baron,79,292,3.63949,1,34,26,0.329113,0,0,0,0,0,0
8449491,Bill McKenzie,79,326,4.10244,2,18,27,0.341772,0,0,0,0,0,0
8476876,Malcolm Subban,78,248,3.09689,3,36,34,0.435897,1,0,0,0,0,0
8478971,Connor Ingram,77,236,3.10026,7,30,45,0.584415,0,0,0,0,0,0
8452246,Jimmy Waite,76,293,3.34676,4,28,27,0.355263,0,0,0,0,0,0
8448628,Mark Laforest,76,354,4.22874,2,25,24,0.315789,3,0,0,0,0,0
8459132,Steve Passmore,76,235,2.79448,2,23,40,0.526315,1,0,0,0,0,0
8460506,Eric Fichaud,76,251,3.13823,2,22,38,0.5,1,0,0,0,0,0
8446637,Darren Eliot,75,374,4.62111,1,24,16,0.213333,0,0,0,0,0,0
8479312,Alex Lyon,74,230,3.04976,3,37,38,0.513513,2,0,0,0,0,0
8450110,Wayne Rutledge,71,242,3.36291,2,28,31,0.436619,1,0,0,0,0,0
8447354,Doug Grant,70,280,4.00554,2,27,23,0.328571,0,0,0,0,0,0
8450140,Darren Pang,70,287,4.05093,0,27,28,0.4,1,0,0,0,0,0
8477831,Pheonix Copley,69,200,2.83376,3,44,37,0.536231,0,0,0,0,0,0
8445121,Hardy Astrom,69,278,3.75295,0,17,18,0.260869,0,0,0,0,0,0
8445388,Jim Bedard,69,278,3.94948,1,17,26,0.376811,1,0,0,0,0,0
8445382,Stephane Beauregard,69,268,3.65359,2,19,28,0.405797,3,0,0,0,0,0
8450209,Dave Parro,68,274,4.10428,2,21,21,0.308823,0,0,0,0,0,0
8471251,Justin Peters,68,230,3.0783,3,25,35,0.514705,2,0,0,0,0,0
8474682,Dustin Tokarski,67,226,3.15186,2,23,34,0.507462,1,0,0,0,0,0
8445403,Yves Belanger,66,259,3.76562,2,29,25,0.378787,2,0,0,0,0,0
8448014,Jim Hrivnak,66,262,3.72829,0,34,25,0.378787,1,0,0,0,0,0
8478435,Dan Vladar,66,214,3.08978,2,37,31,0.469696,3,0,0,0,0,0
8447029,Troy Gamble,65,229,3.61238,1,22,24,0.36923,0,0,0,0,0,0
8481611,Pyotr Kochetkov,65,155,2.37002,8,38,35,0.538461,2,0,0,0,0,0
8447483,Pierre Hamel,65,276,4.41064,0,13,17,0.261538,0,0,0,0,0,0
8480925,Pavel Francouz,65,172,2.49257,4,44,37,0.56923,3,0,1,0,0,0
8466192,Jani Hurme,64,176,2.61326,6,29,33,0.515625,0,0,0,0,0,0
8448142,Peter Ing,64,266,4.04947,1,20,21,0.328125,3,0,0,0,0,0
8446076,Jiri Crha,64,261,3.98064,0,28,25,0.390625,2,0,0,0,0,0
8449515,Gord McRae,62,221,3.49655,1,30,20,0.32258,0,0,0,0,0,0
8445966,Jacques Caron,62,212,3.31255,2,24,29,0.467741,0,0,0,0,0,0
8445449,Tim Bernhardt,62,267,4.28913,0,17,22,0.354838,0,0,0,0,0,0
8478916,Joey Daccord,61,177,2.76742,3,22,36,0.590163,0,0,0,0,0,0
8476904,Chris Driedger,60,151,2.45067,5,31,38,0.633333,0,0,0,0,0,0
8477202,Andrew Hammond,59,157,2.56096,4,31,38,0.644067,0,0,0,0,0,0
8476839,Viktor Fasth,59,161,2.78736,4,26,33,0.559322,0,0,0,0,0,0
8470074,Jeff Deslauriers,59,193,3.23606,3,23,27,0.457627,0,0,0,0,0,0
8445438,Jean Claude Bergeron,59,232,3.69008,1,21,22,0.372881,1,0,0,0,0,0
8466156,Mika Noronen,59,163,2.67743,3,23,36,0.610169,2,0,0,0,0,0
8481035,Samuel Ersson,59,165,2.86592,5,29,30,0.508474,0,0,0,0,0,0
8449914,Marv Edwards,59,218,3.77836,2,15,31,0.525423,0,0,0,0,0,0
8473499,Reto Berra,58,175,2.8498,3,20,27,0.465517,2,0,0,0,0,0
8480843,Lukas Dostal,58,206,3.44579,1,19,32,0.551724,1,0,0,0,0,0
8449844,Andy Brown,57,213,3.79647,1,22,24,0.421052,0,0,0,0,0,0
8451685,Robb Stauber,55,209,3.80624,1,21,25,0.454545,1,0,0,0,0,0
8469463,Dan Blackburn,55,188,3.22317,1,20,25,0.454545,1,0,0,0,0,0
8459549,Norm Maracle,55,177,3.09614,1,14,26,0.472727,1,0,0,0,0,0
8449426,Peter McDuffe,54,218,4.07728,0,11,25,0.462962,0,0,0,0,0,0
8449811,Michel Belhumeur,53,254,4.61638,0,9,16,0.301886,0,0,0,0,0,0
8477480,Eric Comrie,53,177,3.37954,2,24,22,0.415094,0,0,0,0,0,0
8450657,Andre Racicot,53,196,3.50324,2,26,23,0.433962,2,0,1,0,0,0
8477484,Spencer Martin,52,190,3.51831,0,21,22,0.423076,1,0,0,0,0,0
8477992,Jonas Johansson,52,181,3.341,3,23,21,0.403846,1,0,0,0,0,0
8449967,George Gardner,52,207,3.75765,0,16,23,0.442307,1,0,0,0,0,0
8448715,Gary Laskoski,51,228,4.6539,0,19,11,0.215686,0,0,0,0,0,0
8445218,Steve Baker,51,190,3.708,3,20,18,0.352941,0,0,0,0,0,0
8470084,Hannu Toivonen,50,183,3.36932,1,18,20,0.4,1,0,0,0,0,0
8450054,Jack Norris,49,202,3.88692,2,20,21,0.428571,0,0,0,0,0,0
8468037,Martin Prusek,49,114,2.36077,3,31,31,0.632653,0,0,0,0,0,0
8481519,Spencer Knight,49,151,2.90768,3,32,24,0.489795,5,0,0,0,0,0
8449842,Ross Brooks,49,134,2.64068,4,37,29,0.591836,0,0,0,0,0,0
8449978,Bill Oleschuk,48,188,3.9838,1,7,15,0.3125,0,0,0,0,0,0
8450102,Fern Rivard,47,190,3.99262,2,9,14,0.297872,1,0,0,0,0,0
8451958,Vincent Tremblay,46,223,4.81234,1,12,15,0.326086,0,0,0,0,0,0
8458800,Andrei Trefilov,45,153,3.44963,2,12,23,0.511111,0,0,0,0,0,0
8446480,Tom Draper,45,173,3.69864,1,19,17,0.377777,1,0,0,0,0,0
8480420,Collin Delia,45,161,3.51236,0,19,21,0.466666,1,0,0,0,0,0
8473975,Erik Ersberg,45,120,2.54686,2,18,28,0.622222,1,0,0,0,0,0
8467430,Dany Sabourin,45,139,2.87611,2,18,23,0.511111,3,0,0,0,0,0
8474690,Kevin Poulin,44,140,3.07068,0,18,20,0.454545,3,0,0,0,0,0
8457463,Jason Muzzatti,44,167,3.32601,1,13,20,0.454545,2,0,0,0,0,0
8460318,Blaine Lacher,44,123,2.79996,4,22,14,0.318181,1,0,0,0,0,0
8482821,Arvid Soderblom,44,175,3.83858,0,7,17,0.386363,0,0,0,0,0,0
8482076,Nico Daws,43,126,3.12967,0,19,21,0.488372,0,0,0,0,0,0
8459357,Kevin Hodson,43,134,2.76359,4,17,21,0.488372,0,0,2,0,0,0
8447931,Rob Holland,42,171,4.09221,1,11,10,0.238095,1,0,0,0,0,0
8480193,Daniil Tarasov,42,137,3.38906,0,12,22,0.523809,0,0,0,0,0,0
8471186,Yann Danis,40,127,2.78828,3,17,24,0.6,2,0,0,0,0,0
8449984,Gilles Gratton,39,154,4.02599,0,13,10,0.25641,2,0,0,0,0,0
8455633,John Blue,39,126,2.99817,1,16,17,0.435897,0,0,0,0,0,0
8449989,Don Head,38,158,4.15789,2,9,14,0.368421,0,0,0,0,0,0
8480051,Cayden Primeau,38,133,3.46409,2,11,18,0.473684,0,0,0,0,0,0
8473553,Jeff Zatkoff,37,113,2.72227,1,18,21,0.567567,2,0,1,0,0,0
8449913,Ed Dyck,37,178,4.36229,1,8,14,0.378378,1,0,0,0,0,0
8450123,Bobby Taylor,37,155,4.10735,0,15,16,0.432432,1,0,2,0,0,0
8473614,Richard Bachman,37,120,2.97277,2,20,21,0.567567,3,0,0,0,0,0
8462247,Zac Bierk,36,113,3.17611,1,9,20,0.555555,0,0,0,0,0,0
8447725,Rick Heinz,36,159,4.06277,2,14,11,0.305555,1,0,0,0,0,0
8480981,Joel Hofer,35,95,2.76296,1,19,18,0.514285,1,0,0,0,0,0
8477405,Marcus Hogberg,35,124,3.39431,0,9,14,0.4,0,0,0,0,0,0
8476343,Garret Sparks,35,112,3.04863,2,15,16,0.457142,0,0,0,0,0,0
8475299,Joni Ortio,34,90,2.65885,2,15,17,0.5,0,0,0,0,0,0
8479361,Joseph Woll,34,98,2.76317,1,21,19,0.558823,2,0,0,0,0,0
8481033,Akira Schmid,33,99,2.89546,1,14,13,0.393939,3,0,0,0,0,0
8445551,Mike Blake,33,150,4.26062,0,13,10,0.30303,1,0,0,0,0,0
8450015,Ken Lockett,32,131,3.35923,2,13,14,0.4375,1,0,0,0,0,0
8445457,Marc Behrend,32,163,4.92228,1,12,9,0.28125,0,0,0,0,0,0
8465161,Steve Valiquette,32,103,2.74094,4,16,18,0.5625,1,0,0,0,0,0
8459350,Darrin Madeley,32,140,4.35605,0,4,8,0.25,1,0,0,0,0,0
8450065,Bob Perreault,31,103,3.385,3,8,15,0.48387,0,0,0,0,0,0
8447390,Steve Guenette,31,122,3.74255,1,19,10,0.32258,1,0,0,0,0,0
8445693,Mario Brunetta,31,128,3.91786,0,12,8,0.258064,0,0,0,0,0,0
8449775,Jarmo Myllys,30,161,5.23298,0,4,10,0.333333,1,0,0,0,0,0
8470584,Wade Dubielewicz,30,97,2.65105,0,18,19,0.633333,5,0,0,0,0,0
8449588,Lindsay Middlebrook,29,152,4.95486,0,3,6,0.206896,0,0,0,0,0,0
8469479,Jason Bacashihua,29,99,3.19383,0,7,13,0.448275,0,0,0,0,0,0
8475234,J-F Berube,29,111,3.5075,0,12,16,0.551724,0,0,0,0,0,0
8482221,Devon Levi,28,88,3.06279,0,15,15,0.535714,0,0,0,0,0,0
8470093,Mike McKenna,27,107,3.59603,1,7,10,0.37037,1,0,0,0,0,0
8476903,Jon Gillies,27,101,3.38957,0,8,12,0.444444,0,0,0,0,0,0
8446212,Jim Craig,27,100,3.78353,0,11,8,0.296296,1,0,0,0,0,0
8478433,Felix Sandstrom,26,102,3.65682,0,4,9,0.346153,0,0,0,0,0,0
8450024,Seth Martin,26,67,2.59527,1,9,18,0.692307,1,0,0,0,0,0
8449806,Gary Bauman,25,102,3.57066,0,5,12,0.48,0,0,0,0,0,1
8467364,Philippe Sauve,25,93,3.45087,0,10,10,0.4,0,0,0,0,0,0
8451743,Sam St. Laurent,25,92,3.51316,1,7,12,0.48,0,0,0,0,0,0
8451407,Warren Skorodenski,25,100,3.47654,2,12,13,0.52,2,0,0,0,0,0
8476992,Marek Mazanec,25,82,2.97667,2,8,14,0.56,0,0,0,0,0,0
8481544,Mads Sogaard,24,83,3.44311,0,10,10,0.416666,0,0,0,0,0,0
8448269,Darren Jensen,24,95,3.82319,2,15,9,0.375,1,0,0,0,1,0
8449839,Ken Broderick,23,74,3.03672,1,11,12,0.521739,0,0,0,0,0,0
8448899,Larry Lozinski,22,104,4.29077,0,6,9,0.40909,0,0,0,0,0,0
8451236,Ron Scott,22,91,3.77132,0,8,6,0.272727,0,0,0,0,0,0
8467486,Mike Morrison,21,67,3.279,0,11,6,0.285714,1,0,0,0,0,0
8449783,John Adams,21,85,4.32203,1,9,8,0.380952,0,0,1,0,0,0
8477225,Jared Coreau,21,68,3.73592,2,5,8,0.380952,0,0,0,0,0,0
8459451,Tyler Moss,21,81,3.24667,0,6,12,0.571428,1,0,0,0,0,0
8478902,Erik Kallgren,21,68,3.04216,1,11,8,0.380952,1,0,0,0,0,0
8462120,Sebastien Charpentier,20,66,2.93318,0,6,9,0.45,0,0,0,0,0,0
8450702,Daryl Reaugh,20,72,3.46927,1,8,8,0.4,1,0,0,0,0,0
8446166,Jim Corsi,20,83,3.66306,0,8,5,0.25,3,0,0,0,0,0
8446294,Doug Dadswell,20,99,4.42249,0,8,7,0.35,2,0,0,0,0,0
8469529,Michael Garnett,20,73,3.44488,2,10,7,0.35,0,0,0,0,0,0
8475252,Matt Hackett,20,67,3.11358,0,4,10,0.5,2,0,0,0,0,0
8465962,Rich Parent,20,82,3.15263,1,7,5,0.25,2,0,0,0,0,0
8447945,Goran Hogosta,19,83,4.14579,1,5,6,0.315789,0,0,0,0,0,0
8481031,Ivan Prosvetov,19,76,3.7036,0,8,8,0.421052,1,0,0,0,0,0
8450004,Bob Johnson,19,66,3.73314,0,9,9,0.473684,0,0,0,0,0,0
8450154,Chris Worthy,19,98,4.49049,0,5,8,0.421052,1,0,0,0,0,0
8445619,Rollie Boutin,18,75,3.96254,0,7,5,0.277777,0,0,0,0,0,0
8451859,John Tanner,18,65,3.59822,1,2,5,0.277777,0,0,0,0,0,0
8450344,Jim Pettie,18,71,3.68299,1,9,5,0.277777,0,0,0,0,0,0
8475431,Henrik Karlsson,18,60,2.78698,0,5,11,0.611111,0,0,0,0,0,0
8476509,Maxime Lagace,18,71,3.90407,1,8,6,0.333333,0,0,0,0,0,0
8450806,Nick Ricci,17,79,4.38929,0,7,4,0.235294,0,0,0,0,0,0
8476433,Magnus Hellberg,17,63,3.08081,0,8,8,0.470588,1,0,0,0,0,0
8447291,Scott Gordon,17,101,5.60082,0,2,3,0.17647,0,0,0,0,0,0
8469482,Adam Munro,17,51,3.30316,1,4,8,0.470588,0,0,0,0,0,0
8449852,Bob Champoux,16,80,5.20541,0,2,3,0.1875,1,0,0,0,0,0
8460761,Scott Fankhouser,16,65,3.30667,0,4,7,0.4375,0,0,0,0,0,0
8481692,Dustin Wolf,16,51,3.0285,0,8,8,0.5,0,0,0,0,0,0
8459081,Derek Wilkinson,16,57,3.66749,0,3,4,0.25,1,0,0,0,0,0
8455501,Mike Bales,16,77,4.12764,0,2,6,0.375,0,0,0,0,0,0
8468741,Reinhard Divis,16,67,3.31669,0,6,7,0.4375,1,0,0,0,0,0
8446134,Frederic Chabot,16,62,2.94657,0,4,9,0.5625,0,0,0,0,0,0
8449651,Mike Moffat,15,67,4.37709,0,7,2,0.133333,0,0,0,0,0,0
8481020,Justus Annunen,15,44,2.60051,2,10,9,0.6,1,0,0,0,0,0
8459453,Scott Langkow,15,68,4.3244,0,3,3,0.2,1,0,0,0,0,0
8470263,David Leneveu,15,61,3.42969,0,5,4,0.266666,1,0,0,0,0,0
8449846,Bruce Bullock,15,74,4.79265,0,3,2,0.133333,0,0,0,0,0,0
8450100,Dennis Riggin,15,53,3.19042,1,7,5,0.333333,2,0,0,0,0,0
8476844,Niklas Svedberg,15,37,2.31001,2,8,10,0.666666,0,0,0,0,0,0
8450038,Jim McLeod,15,44,3.0062,0,6,10,0.666666,0,0,0,0,0,0
8450829,Terrance Richardson,14,85,5.64055,0,3,1,0.071428,0,0,0,0,0,0
8459045,Joaquin Gage,14,67,3.73507,0,4,6,0.428571,0,0,0,0,0,0
8471301,Jeff Glass,13,46,3.36216,0,3,6,0.461538,0,0,0,0,0,0
8448710,Gordon Laxton,13,74,5.55659,0,4,3,0.230769,1,0,0,0,0,0
8449849,Lyle Carter,13,50,4.1629,0,4,3,0.230769,0,0,0,0,0,0
8457559,Michael O'Neill,13,61,4.27811,0,0,4,0.307692,0,0,0,0,0,0
8459048,Scott Bailey,13,55,3.42069,0,6,4,0.307692,1,0,0,0,0,0
8450011,Gary Kurt,13,60,4.2991,0,1,4,0.307692,0,0,0,0,0,0
8459523,Dieter Kochan,13,56,3.9579,0,1,4,0.307692,1,0,0,0,0,0
8450037,Don McLeod,13,74,5.06002,0,3,4,0.307692,0,0,0,0,0,0
8458576,Marcel Cousineau,13,51,2.92612,1,4,5,0.384615,1,0,0,0,0,0
8450098,Dave Reece,12,43,3.32474,2,7,5,0.416666,0,0,0,0,0,0
8476444,Christopher Gibson,12,43,3.3339,0,4,7,0.583333,0,0,0,0,0,0
8450051,Cam Newton,12,51,3.77482,0,4,4,0.333333,0,0,0,0,0,0
8473414,Leland Irving,12,36,3.25064,0,3,6,0.5,0,0,0,0,0,0
8456855,Rick Knickle,12,44,3.73928,0,7,4,0.333333,0,0,0,0,0,0
8474667,Harri Sateri,11,45,3.41354,0,6,5,0.454545,1,0,0,0,0,0
8448408,Hannu Kamppuri,11,54,5.11229,0,1,1,0.090909,0,0,0,0,0,0
8450028,Jack McCartan,11,42,3.70588,1,2,5,0.454545,0,0,0,0,0,0
8467895,Maxime Ouellet,10,34,3.08064,1,2,3,0.3,0,0,0,0,0,0
8449865,Norm Defelice,10,30,3,0,3,5,0.5,0,0,0,0,0,0
8446937,Norm Foster,10,34,3.27386,0,7,3,0.3,1,0,0,0,0,0
8449779,Sergei Mylnikov,10,47,4.96508,0,1,2,0.2,0,0,0,0,0,0
8482982,Jet Greaves,9,33,3.44457,0,3,6,0.666666,0,0,0,0,0,0
8460696,Frederic Cassivi,9,38,3.6353,0,3,4,0.444444,0,0,0,0,0,0
8450041,Gerry McNeil,9,31,3.45724,0,4,4,0.444444,0,0,3,0,0,3
8481668,Arturs Silovs,9,24,2.62223,0,6,6,0.666666,0,0,0,0,0,0
8449917,Rocky Farr,9,42,3.50072,0,2,5,0.555555,0,0,0,0,0,0
8446368,Matt Delguidice,9,28,3.8671,0,2,3,0.333333,0,0,0,0,0,0
8467972,Rob Zepp,9,25,2.89008,0,5,3,0.333333,0,0,0,0,0,0
8480992,Magnus Chrona,8,37,4.71087,0,1,3,0.375,0,0,0,0,0,0
8446306,Marc D'amour,8,32,3.31787,0,2,3,0.375,0,0,0,0,0,0
8446625,Ken Ellacott,8,41,4.46542,0,2,2,0.25,0,0,0,0,0,0
8467340,Patrick Desrochers,8,33,3.66632,0,2,2,0.25,0,0,0,0,0,0
8469613,Andy Chiodo,8,28,3.45951,0,3,5,0.625,0,0,0,0,0,0
8446899,Brian Ford,8,61,6.32124,0,3,1,0.125,1,0,0,0,0,0
8459239,Jean-Francois Labbe,8,36,3.43803,0,3,3,0.375,0,0,0,0,0,0
8474092,Jeremy Smith,8,32,3.53775,0,1,3,0.375,0,0,0,0,0,0
8480238,Jiri Patera,7,26,3.5717,0,3,4,0.571428,0,0,0,0,0,0
8446316,Cleon Daskalakis,7,41,4.86101,0,3,0,0,2,0,0,0,0,0
8471915,Vitaly Kolesnik,7,20,3.24149,0,3,3,0.428571,0,0,0,0,0,0
8480373,Josef Korenar,7,29,3.09535,0,3,3,0.428571,0,0,0,0,0,0
8458981,Mike Fountain,7,28,3.48776,1,2,2,0.285714,0,0,0,0,0,0
8474855,Nathan Lawson,7,28,4.24046,0,1,4,0.571428,0,0,0,0,0,0
8468720,Adam Berkhoel,7,30,3.80228,0,2,3,0.428571,0,0,0,0,0,0
8470264,Barry Brust,7,30,3.70078,0,2,2,0.285714,0,0,0,0,0,0
8449985,Gerry Gray,7,35,4.77272,0,1,2,0.285714,0,0,0,0,0,0
8449313,Darrell May,6,31,5.13812,0,1,1,0.166666,0,0,0,0,0,0
8480162,Matiss Kivlenieks,6,21,3.08684,0,2,3,0.5,0,0,0,0,0,0
8446280,Donald Cutts,6,16,3.57408,0,1,2,0.333333,0,0,0,0,0,0
8450042,Al Millar,6,25,4.16666,0,1,1,0.166666,0,0,0,0,0,0
8483530,Jaxson Stauber,6,17,2.80605,0,5,4,0.666666,0,0,0,0,0,0
8477035,Matt Tomkins,6,20,3.33132,0,3,1,0.166666,0,0,0,0,0,0
8451121,Michael Sands,6,26,5.17527,0,0,2,0.333333,0,0,0,0,0,0
8450026,Gilles Mayer,6,18,3.00417,0,1,1,0.166666,0,0,0,0,0,0
8475920,Michael Houser,6,18,2.97493,0,4,5,0.833333,0,0,0,0,0,0
8470266,Tobias Stephan,6,29,3.49047,0,1,3,0.5,0,0,0,0,0,0
8471302,Justin Pogge,6,27,4.35835,0,1,2,0.333333,0,0,0,0,0,0
8482445,Devin Cooley,6,25,4.97539,0,2,2,0.333333,0,0,0,0,0,0
8448778,Daniel Lorenz,5,25,4.20403,0,1,2,0.4,0,0,0,0,0,0
8474057,Allen York,5,16,2.30381,0,3,4,0.8,0,0,0,0,0,0
8476319,Nathan Lieuwen,5,18,2.9722,0,1,2,0.4,0,0,0,0,0,0
8449981,Andre Gill,5,13,2.88514,1,3,2,0.4,0,0,0,0,0,0
8456411,David Goverde,5,29,6.25262,0,1,1,0.2,0,0,0,0,0,0
8476846,Cristopher Nilstorp,5,18,3.26497,0,1,2,0.4,0,0,0,0,0,0
8459289,Martin Brochu,5,22,3.58127,0,0,0,0,0,0,0,0,0,0
8466165,Jean-Marc Pelletier,5,23,3.90492,0,1,2,0.4,0,0,0,0,0,0
8476861,Oscar Dansk,5,15,3.10326,1,4,2,0.4,1,0,0,0,0,0
8480112,Hunter Miska,5,19,4.09973,0,1,0,0,0,0,0,0,0,0
8450147,Carl Wetzel,5,22,4.38878,0,1,2,0.4,0,0,0,0,0,0
8468646,Nolan Schaefer,5,11,1.87393,1,5,4,0.8,1,0,0,0,0,0
8474202,John Curry,5,20,3.68418,0,3,2,0.4,1,0,0,0,0,0
8449903,Michel Dumas,5,24,3.97241,0,2,3,0.6,0,0,0,0,0,0
8450039,Gerry McNamara,5,14,2.61437,0,2,4,0.8,0,0,0,0,0,0
8475097,Brad Thiessen,4,16,3.72478,0,3,2,0.5,0,0,0,0,0,0
8479294,Kevin Boyle,4,10,2.16723,1,1,3,0.75,0,0,0,0,0,0
8447940,Mark Holden,4,25,4.029,0,2,0,0,0,0,0,0,0,0
8448412,Jari Kaarela,4,22,6,0,2,1,0.25,0,0,0,0,0,0
8467548,Matthew Yeats,4,13,3.02834,0,1,2,0.5,0,0,0,0,0,0
8447920,Bruce Hoffort,4,22,3.58728,0,4,2,0.5,2,0,0,0,0,0
8467938,Jan Lasak,4,18,4.03562,0,0,1,0.25,0,0,0,0,0,0
8477234,Troy Grosenick,4,9,2.26541,1,2,2,0.5,0,0,0,0,0,0
8466159,Jean-Francois Damphousse,4,12,2.45203,0,1,2,0.5,0,0,0,0,0,0
8474488,Matt Climie,4,15,3.24402,0,2,2,0.5,0,0,0,0,0,0
8470800,Mike Brodeur,4,10,2.16841,1,3,3,0.75,0,0,0,0,0,0
8483575,Matt Murray,4,10,2.53128,1,2,2,0.5,0,0,0,0,0,0
8473638,Cedrick Desjardins,4,12,2.41246,0,2,2,0.5,0,0,0,0,0,0
8458588,Mike Torchia,4,18,3.30359,0,3,2,0.5,1,0,0,0,0,0
8468477,Derek Gustafson,4,10,2.26514,0,1,1,0.25,0,0,0,0,0,0
8457928,Geoff Sarjeant,4,20,4.12607,0,1,1,0.25,0,0,0,0,0,0
8482411,Hunter Shepard,4,13,3.18584,0,2,2,0.5,0,0,0,0,0,0
8456917,Les Kuntar,4,16,3.18091,0,2,0,0,0,0,0,0,0,0
8475876,Zane McIntyre,3,22,3.96853,0,0,0,0,0,0,0,0,0,0
8449832,Gilles Boisvert,3,9,3,0,0,1,0.333333,0,0,0,0,0,0
8459609,Tom Askey,3,12,2.63945,0,0,2,0.666666,0,0,0,0,0,0
8475277,Edward Pasquale,3,12,3.95676,0,2,2,0.666666,0,0,0,0,0,0
8477457,Zach Fucale,3,5,1.74842,1,1,2,0.666666,0,0,0,0,0,0
8471526,Michael Wall,3,10,2.97471,0,2,0,0,1,0,0,0,0,0
8452581,Michael Zanier,3,12,3.89189,0,1,1,0.333333,0,0,0,0,0,0
8477312,Antoine Bibeau,3,9,2.54237,0,2,2,0.666666,0,0,0,0,0,0
8467497,Rastislav Stana,3,11,3.12426,0,1,1,0.333333,0,0,0,0,0,0
8448491,Terry Kleisinger,3,14,4.41601,0,0,0,0,0,0,0,0,0,0
8482661,Jesper Wallstedt,3,9,3.01199,1,2,2,0.666666,0,0,0,0,0,0
8480867,Kevin Mandolese,3,10,3.29308,0,1,2,0.666666,0,0,0,0,0,0
8479313,Zach Sawchenko,3,15,3.34613,0,1,2,0.666666,0,0,0,0,0,0
8450116,Bob Sneddon,3,21,5.6296,0,0,0,0,0,0,0,0,0,0
8459028,Marc Lamothe,3,13,3.23987,0,2,2,0.666666,0,0,0,0,0,0
8471433,Daniel Taylor,3,12,3.6275,0,1,1,0.333333,0,0,0,0,0,0
8449691,Robbie Moore,3,8,1.86758,2,3,2,0.666666,0,0,0,0,0,0
8460695,Vitali Yeremeyev,3,16,4.51977,0,0,0,0,0,0,0,0,0,0
8471305,Daniel Lacosta,2,4,1.42152,1,2,2,1,0,0,0,0,0,0
8450032,Dave McLelland,2,10,5,0,1,0,0,0,0,0,0,0,0
8456191,Chad Erickson,2,9,4.5,0,1,0,0,0,0,0,0,0,0
8459051,Philippe De Rouville,2,9,3.15543,0,1,1,0.5,0,0,0,0,0,0
8450179,Robert Parent,2,15,5.65385,0,0,0,0,0,0,0,0,0,0
8446971,Karl Friesen,2,16,7.38083,0,0,0,0,0,0,0,0,0,0
8448218,Steve Janaszak,2,15,5.625,0,0,1,0.5,0,0,0,0,0,0
8482137,Yaroslav Askarov,2,6,2.58064,0,1,1,0.5,0,0,0,0,0,0
8477356,Kristers Gudlevskis,2,3,1.37212,0,1,2,1,0,0,0,0,0,0
8465091,Michel Larocque,2,9,3.55419,0,0,0,0,0,0,0,0,0,0
8482246,Alexei Melnichuk,2,11,5.05424,0,0,0,0,0,0,0,0,0,0
8482447,Leevi Merilainen,2,6,4.23114,0,0,1,0.5,0,0,0,0,0,0
8457049,Mike Lenarduzzi,2,10,3.1788,0,1,0,0,0,0,0,0,0,0
8450122,Dave Tataryn,2,10,7.5,0,1,0,0,0,0,0,0,0,0
8447927,Ken Holland,2,17,4.95707,0,0,0,0,0,0,0,0,0,0
8477084,Mackenzie Skapski,2,1,0.50384,1,2,2,1,0,0,0,0,0,0
8475824,Sami Aittokallio,2,5,3.3582,0,0,1,0.5,0,0,0,0,0,0
8450129,Ted Tucker,2,10,3.39206,0,1,1,0.5,1,0,0,0,0,0
8450068,Claude Pronovost,2,7,3.5,1,1,1,0.5,0,0,0,0,0,0
8448776,David Littman,2,14,5.95111,0,0,0,0,0,0,0,0,0,0
8474771,Peter Mannino,2,15,3.99083,0,1,1,0.5,0,0,0,0,0,0
8475680,Jussi Rynnas,2,14,4.16563,0,0,0,0,0,0,0,0,0,0
8480263,Dylan Ferguson,2,6,2.8103,0,1,1,0.5,0,0,0,0,0,0
8473632,Josh Tordjman,2,8,4.07816,0,0,0,0,0,0,0,0,0,0
8467879,Brian Finley,2,13,4.70068,0,0,0,0,0,0,0,0,0,0
8451406,Paul Skidmore,2,6,3.00375,0,1,1,0.5,0,0,0,0,0,0
8458932,Richard Shulmistra,2,3,1.47682,0,1,2,1,0,0,0,0,0,0
8449115,George Maneluk,2,15,6.42857,0,1,1,0.5,0,0,0,0,0,0
8480022,Michael DiPietro,2,11,5.2492,0,0,0,0,0,0,0,0,0,0
8479288,Kasimir Kaskisuo,1,6,4.77664,0,0,0,0,0,0,0,0,0,0
8478999,Niklas Treutle,1,5,6.03621,0,0,0,0,0,0,0,0,0,0
8451721,James Stewart Jr,1,5,15,0,0,0,0,0,0,0,0,0,0
8446536,Robert Dupuis,1,4,4.04835,0,0,0,0,0,0,0,0,0,0
8480042,Olle Eriksson Ek,1,5,4.68872,0,0,0,0,0,0,0,0,0,0
8477092,Andrey Makarov,1,3,3,0,0,1,1,0,0,0,0,0,0
8451831,Don Sylvestri,1,6,3.52653,0,0,0,0,0,0,0,0,0,0
8459198,Ryan Bach,1,8,4.45406,0,0,0,0,0,0,0,0,0,0
8479581,Jack LaFontaine,1,9,7.2048,0,0,0,0,0,0,0,0,0,0
8478965,Kenneth Appleby,1,5,2.07852,0,0,0,0,0,0,0,0,0,0
8480191,Matt Villalta,1,5,4.16859,0,0,0,0,0,0,0,0,0,0
8478905,Ivan Fedotov,1,10,4.95253,0,0,0,0,0,0,0,0,0,0
8457025,Ray Leblanc,1,1,1,0,1,1,1,0,0,0,0,0,0
8479530,Adam Werner,1,5,3.41555,0,1,0,0,1,0,0,0,0,0
8478903,Adam Huska,1,7,7.03517,0,0,0,0,0,0,0,0,0,0
8447005,David Gagnon,1,6,10.30042,0,0,0,0,0,0,0,0,0,0
8450643,Bruce Racine,1,12,3.12748,0,0,0,0,0,0,0,0,0,0
8478559,Matthew O'Connor,1,3,3.10166,0,0,1,1,0,0,0,0,0,0
8480199,Eetu Makiniemi,1,3,2.13438,0,1,1,1,0,0,0,0,0,0
8457996,Warren Sharples,1,4,3.6923,0,0,0,0,0,0,0,0,0,0
8446723,Randy Exelby,1,5,4.77453,0,0,0,0,0,0,0,0,0,0
8480213,Gilles Senn,1,4,3.42449,0,0,1,1,0,0,0,0,0,0
8458738,Neil Little,1,6,3.86266,0,0,0,0,0,0,0,0,0,0
8458604,Patrick Labrecque,1,7,4.29447,0,0,0,0,0,0,0,0,0,0
8446473,Bruce Dowie,1,4,3.33487,0,0,0,0,0,0,0,0,0,0
8450008,Don Keenan,1,4,4,0,0,1,1,0,0,0,0,0,0
8462110,Mike Minard,1,3,3,0,1,1,1,0,0,0,0,0,0
8448965,Shawn MacKenzie,1,15,6.91598,0,0,0,0,0,0,0,0,0,0
8476309,Jason Kasdorf,1,4,4,0,0,0,0,0,0,0,0,0,0
8450031,Murray McLachlan,1,4,9.71659,0,0,0,0,0,0,0,0,0,0
8475771,Mark Visentin,1,3,3.06035,0,0,1,1,0,0,0,0,0,0
8448749,Claude Legris,1,4,2.62295,0,0,0,0,0,0,0,0,0,0
8468706,Brian Eklund,1,3,3.09189,0,0,0,0,0,0,0,0,0,0
8448807,Jean Levasseur,1,7,7,0,0,0,0,0,0,0,0,0,0
8475303,Connor Knapp,1,4,3.13657,0,0,0,0,0,0,0,0,0,0
8470534,Yutaka Fukufuji,1,7,4.36741,0,0,0,0,0,0,0,0,0,0
8471230,Marek Schwarz,1,9,4.31769,0,0,0,0,0,0,0,0,0,0
8449916,Claude Evans,1,4,4,0,0,0,0,0,0,0,0,0,0
8475080,Johan Backlund,1,2,3,0,0,1,1,0,0,0,0,0,0
8467834,Gregg Naumenko,1,7,5.99144,0,0,0,0,0,0,0,0,0,0
8450056,Ted Ouimet,1,2,2.0219,0,0,1,1,0,0,0,0,0,0
8449840,Len Broderick,1,2,2,0,1,1,1,0,0,0,0,0,0
8450094,Paul Pageau,1,8,8,0,0,0,0,0,0,0,0,0,0
8448861,Ronald Loustel,1,10,10,0,0,0,0,0,0,0,0,0,0
8468043,Matt Underhill,1,4,3.9517,0,0,0,0,0,0,0,0,0,0
8449996,Paul Hoganson,1,7,7.34908,0,0,0,0,0,0,0,0,0,0
8450109,Pat Rupp,1,4,4,0,0,0,0,0,0,0,0,0,0
8465036,Tyrone Garner,1,12,5.17799,0,0,0,0,0,0,0,0,0,0
8476763,Calvin Heeter,1,5,4.68872,0,0,0,0,0,0,0,0,0,0
8469569,Drew MacIntyre,1,8,2.41004,0,0,0,0,0,0,0,0,0,0
8449991,John Henderson,1,4,4,0,0,0,0,0,0,0,0,0,0
8473474,Riku Helenius,0,0,0,0,0,0,,0,0,0,0,0,0
8484293,Yaniv Perets,0,0,0,0,0,0,,0,0,0,0,0,0
8455959,Wayne Cowley,0,3,3.14593,0,0,0,,0,0,0,0,0,0
8480591,Thomas Hodges,0,1,3.11418,0,0,0,,0,0,0,0,0,0
8458622,Pauli Jaks,0,2,3,0,0,0,,0,0,0,0,0,0
8458693,Sean Gauthier,0,0,0,0,0,0,,0,0,0,0,0,0
8468489,Brent Krahn,0,3,9,0,0,0,,0,0,0,0,0,0
8480363,Kaden Fulcher,0,2,4.40906,0,0,0,,0,0,0,0,0,0
8458725,Jamie Ram,0,0,0,0,0,0,,0,0,0,0,0,0
8449848,Don Caley,0,3,6,0,0,0,,0,0,0,0,0,0
8449845,Ken Brown,0,1,3.36763,0,0,0,,0,0,0,0,0,0
8469750,Robert McVicar,0,0,0,0,0,0,,0,0,0,0,0,0
8469800,Olivier Michaud,0,0,0,0,0,0,,0,0,0,0,0,0
8471781,Jeremy Duchesne,0,1,3.58565,0,0,0,,0,0,0,0,0,0
8471793,Tomas Popperle,0,1,1.34831,0,0,0,,0,0,0,0,0,0
8471819,Matt Keetley,0,0,0,0,0,0,,0,0,0,0,0,0
8450046,Jean-Guy Morissette,0,4,6.59945,0,0,0,,0,0,0,0,0,0
8471822,Brian Foster,0,0,0,0,0,0,,0,0,0,0,0,0
8468243,Sebastien Centomo,0,3,4.5,0,0,0,,0,0,0,0,0,0
8471712,Jeff Frazee,0,0,0,0,0,0,,0,0,0,0,0,0
8469556,Dimitri Patzold,0,4,5.50669,0,0,0,,0,0,0,0,0,0
8449862,Claude Cyr,0,1,3,0,0,0,,0,0,0,0,0,0
8449986,Harrison Gray,0,5,7.5,0,0,0,,0,0,0,0,0,0
8470751,Chris Beckford-Tseu,0,1,2.25422,0,0,0,,0,0,0,0,0,0
8470772,Chris Holt,0,0,0,0,0,0,,0,0,0,0,0,0
8470813,Gerald Coleman,0,2,2.77349,0,0,0,,0,0,0,0,0,0
8481597,Hugo Alnefelt,0,3,9,0,0,0,,0,0,0,0,0,0
8470820,Matt Zaba,0,2,3.55907,0,0,0,,0,0,0,0,0,0
8449999,Robbie Irons,0,0,0,0,0,0,,0,0,0,0,0,0
8481501,Artyom Zagidulin,0,2,4.2528,0,0,0,,0,0,0,0,0,0
8469653,Jordan Sigalet,0,0,0,0,0,0,,0,0,0,0,0,0
8450010,Julian Klymkiw,0,2,6.37168,0,0,0,,0,0,0,0,0,0
8473532,Mark Dekanich,0,3,3.6012,0,0,0,,0,0,0,0,0,0
8456127,Parris Duffus,0,1,2.08212,0,0,0,,0,0,0,0,0,0
8470062,Tyler Weiman,0,0,0,0,0,0,,0,0,0,0,0,0
8483158,Matthew Berlin,0,0,0,0,0,0,,0,0,0,0,0,0
8456090,Robert Dopson,0,3,3.9633,0,0,0,,0,0,0,0,0,0
8483183,Jett Alexander,0,0,0,0,0,0,,0,0,0,0,0,0
8481001,Veini Vehvilainen,0,1,5.625,0,0,0,,0,0,0,0,0,0
8455996,Corrie D'alessio,0,0,0,0,0,0,,0,0,0,0,0,0
8471444,Martin Houle,0,1,27.27272,0,0,0,,0,0,0,0,0,0
8474591,Tom McCollum,0,4,2.98074,0,1,0,,1,0,0,0,0,0
8450048,Jerome Mrazek,0,1,9.54907,0,0,0,,0,0,0,0,0,0
8450097,Greg Redquest,0,3,14.08083,0,0,0,,0,0,0,0,0,0
8475720,Kent Simpson,0,2,6,0,0,0,,0,0,0,0,0,0
8475781,Tyler Bunz,0,3,9,0,0,0,,0,0,0,0,0,0
8467341,Mathieu Chouinard,0,0,0,0,0,0,,0,0,0,0,0,0
8448614,Richard Laferriere,0,1,3,0,0,0,,0,0,0,0,0,0
8448499,Scott King,0,3,2.92762,0,0,0,,0,0,0,0,0,0
8477990,Brandon Halverson,0,1,4.78087,0,0,0,,0,0,0,0,0,0
8476243,Iiro Tarkki,0,3,4.40636,0,1,0,,1,0,0,0,0,0
8477914,Roman Will,0,1,3.24909,0,0,0,,0,0,0,0,0,0
8476330,Adam Wilcox,0,0,0,0,0,0,,0,0,0,0,0,0
8450680,Alain Raymond,0,2,3.06252,0,0,0,,0,0,0,0,0,0
8448170,Randy Ireland,0,3,6.02342,0,0,0,,0,0,0,0,0,0
8459663,Jordan Willis,0,1,3.19715,0,0,0,,0,0,0,0,0,0
8450006,Joe Junkin,0,0,0,0,0,0,,0,0,0,0,0,0
8450626,Chris Pusey,0,3,4.5,0,0,0,,0,0,0,0,0,0
8460935,Travis Scott,0,3,7.28253,0,0,0,,0,0,0,0,0,0
8476803,Shawn Hunwick,0,0,0,0,0,0,,0,0,0,0,0,0
8450101,Bob Ring,0,4,7.23618,0,0,0,,0,0,0,0,0,0
8447384,Mike Greenlay,0,4,11.74551,0,0,0,,0,0,0,0,0,0
8450149,Lefty Wilson,0,1,0.92759,0,0,0,,0,0,0,0,0,0
8462075,Paxton Schafer,0,6,4.64716,0,0,0,,0,0,0,0,0,0
8450146,Jim Watt,0,2,6,0,0,0,,0,0,0,0,0,0
8450112,Joe Schaefer,0,8,5.39123,0,0,0,,0,0,0,0,0,0
8451013,Michael Rosati,0,0,0,0,1,0,,1,0,0,0,0,0
8450059,Marcel Pelletier,0,3,4.61538,0,0,0,,0,0,0,0,0,0
8449785,Don Aiken,0,6,10.66666,0,0,0,,0,0,0,0,0,0
8446087,Chris Clifford,0,0,0,0,0,0,,0,0,0,0,0,0
8467954,Adam Hauser,0,6,7.08428,0,0,0,,0,0,0,0,0,0
8450055,Dan Olesevich,0,2,4.11663,0,0,0,,0,0,0,0,0,0
8467940,Evgeny Konstantinov,0,1,2.94117,0,0,0,,0,0,0,0,0,0
8474194,Timo Pielmeier,0,5,7.5,0,0,0,,0,0,0,0,0,0
8476986,Marek Langhamer,0,1,1.35135,0,0,0,,0,0,0,0,0,0
8467921,Simon Lajeunesse,0,0,0,0,0,0,,0,0,0,0,0,0
8479380,Dylan Wells,0,1,3,0,0,0,,0,0,0,0,0,0
8467866,Alfie Michaud,0,5,4.3238,0,0,0,,0,0,0,0,0,0
8474708,Alexander Pechurskiy,0,1,1.68934,0,0,0,,0,0,0,0,0,0
8474729,Mike Murphy,0,0,0,0,0,0,,0,0,0,0,0,0
8474754,Joacim Eriksson,0,6,9.99074,0,0,0,,0,0,0,0,0,0
8467830,Cody Rudkowsky,0,0,0,0,1,0,,1,0,0,0,0,0
8449451,Ross McKay,0,3,5.17489,0,0,0,,0,0,0,0,0,0
8479188,David Ayres,0,2,4.18361,0,1,0,,1,0,0,0,0,0
8479138,Scott Foster,0,0,0,0,0,0,,0,0,0,0,0,0
8479115,Jorge Alves,0,0,0,0,0,0,,0,0,0,0,0,0
8479016,Landon Bow,0,1,1.03004,0,0,0,,0,0,0,0,0,0
8459411,Christian Soucy,0,0,0,0,0,0,,0,0,0,0,0,0
8478933,Michael McNiven,0,3,9,0,0,0,,0,0,0,0,0,0
8475130,Alexander Salak,0,6,5.40675,0,0,0,,0,0,0,0,0,0
8449400,Steve McKichan,0,2,6,0,0,0,,0,0,0,0,0,0
8449244,Jerry Toppazzini,0,0,0,0,0,0,,0,0,0,0,0,0
8484312,Georgi Romanov,0,1,1.01265,0,0,0,,0,0,0,0,0,0